u_id,email,f_name,l_name,country,phone,user_on,created_at
11,anon1@gmail.com,"""Anon""","""Guide3""","""US""",555555555,0,4/30/2025 22:08
12,anon2@gmail.com,"""Anon""","""Guide4""","""LB""",99999999,1,5/1/2025 22:08
13,anon3@gmail.com,"""Anon""","""Guide5""","""LB""",99999999,0,5/2/2025 22:08
14,anon4@gmail.com,"""Anon""","""Guide6""","""LB""",99999999,0,5/3/2025 22:08
15,anon5@gmail.com,"""Anon""","""Guide7""","""LB""",99999999,0,5/4/2025 22:08
16,anon6@gmail.com,"""Anon""","""Guide8""","""LB""",99999999,0,5/5/2025 22:08
17,anon7@gmail.com,"""Anon""","""Guide9""","""LB""",99999999,0,5/6/2025 22:08
18,anon8@gmail.com,"""Anon""","""Guide10""","""LB""",99999999,0,5/7/2025 22:08
19,anon9@gmail.com,"""Anon""","""Guide11""","""LB""",99999999,0,5/8/2025 22:08
20,anon10@gmail.com,"""Anon""","""Guide12""","""LB""",99999999,0,5/9/2025 22:08
21,anon11@gmail.com,"""Anon""","""Guide13""","""LB""",99999999,0,5/10/2025 22:08
22,anon12@gmail.com,"""Anon""","""Guide14""","""LB""",99999999,0,5/11/2025 22:08
23,anon13@gmail.com,"""Anon""","""Guide15""","""LB""",99999999,0,5/12/2025 22:08
24,anon14@gmail.com,"""Anon""","""Guide16""","""LB""",99999999,0,5/13/2025 22:08
25,anon15@gmail.com,"""Anon""","""Guide17""","""LB""",99999999,0,5/14/2025 22:08
26,anon16@gmail.com,"""Anon""","""Guide18""","""LB""",99999999,0,5/15/2025 22:08
27,anon17@gmail.com,"""Anon""","""Guide19""","""LB""",99999999,0,5/16/2025 22:08
28,anon18@gmail.com,"""Anon""","""Guide20""","""LB""",99999999,0,5/17/2025 22:08
29,anon19@gmail.com,"""Anon""","""Guide21""","""LB""",99999999,0,5/18/2025 22:08
30,anon20@gmail.com,"""Anon""","""Guide22""","""LB""",99999999,0,5/19/2025 22:08
31,anon21@gmail.com,"""Anon""","""Guide23""","""LB""",99999999,0,5/20/2025 22:08
32,anon22@gmail.com,"""Anon""","""Guide24""","""LB""",99999999,0,5/21/2025 22:08
33,anon23@gmail.com,"""Anon""","""Guide25""","""LB""",99999999,0,5/22/2025 22:08
34,anon24@gmail.com,"""Anon""","""Guide26""","""LB""",99999999,0,5/23/2025 22:08
35,anon25@gmail.com,"""Anon""","""Guide27""","""LB""",99999999,0,5/24/2025 22:08
36,anon26@gmail.com,"""Anon""","""Guide28""","""LB""",99999999,0,5/25/2025 22:08
37,anon27@gmail.com,"""Anon""","""Guide29""","""LB""",99999999,0,5/26/2025 22:08
38,anon28@gmail.com,"""Anon""","""Guide30""","""LB""",99999999,0,5/27/2025 22:08
